scale,model_family,variant,epochs,learning_rate,max_length,train_batch,macro_f1,class1_recall,class1_f1,eval_loss,sms_macro_f1,sms_class1_recall,sms_class1_f1,sms_eval_loss
Enron_10000,DistilBERT,weighted_loss,2,2e-05,256,16,0.7631133671742809,0.5333333333333333,0.5333333333333333,0.042646896693040656,0.4640761758199481,0.0,0.0,0.817306435605334
Enron_50000,DistilBERT,weighted_loss,2,2e-05,256,16,0.7889577414257487,0.6,0.5844155844155844,0.05030944107091616,0.4640761758199481,0.0,0.0,1.091175309356947
Enron_100000,DistilBERT,weighted_loss,2,2e-05,256,16,0.8472342955743479,0.6282722513089005,0.6997084548104956,0.04853268561518793,0.4640761758199481,0.0,0.0,1.24865305562114
