scale,model_family,variant,macro_f1,class1_recall,class1_f1,pr_auc,roc_auc
Enron_10000,LogisticRegression,metadata_only,0.506934064108952,0.8666666666666667,0.12037037037037036,0.16579521970781583,0.9113367174280881
Enron_50000,LogisticRegression,metadata_only,0.5319259615609351,0.8533333333333334,0.1459521094640821,0.24962116235342635,0.9241123519458546
Enron_100000,LogisticRegression,metadata_only,0.5587576716870052,0.806282722513089,0.18930547019053473,0.2269243263375329,0.9231355540029218
