rule,activation_rate,positive_rate_given_trigger
R_core,0.00722,0.8850415512465374
R_urgency,0.45044,0.03438859781546932
R_action,0.02121,0.5719000471475719
R_url,0.14876,0.10916913148695886
R_url_short,1e-05,1.0
R_email,0.30982,0.03205086824607837
