scale,model_family,variant,macro_f1,class1_recall,class1_f1,enron_pr_auc,enron_roc_auc,threshold_from,threshold,sms_precision,sms_recall,sms_f1,sms_macro_f1,sms_pr_auc,sms_roc_auc
Enron_10000,TFIDF_LR,balanced,0.7209986557207958,0.9333333333333333,0.45901639344262296,0.7504081105562537,0.9811167512690355,Enron_val_only,0.7261564969869856,0.8888888888888888,0.0107095046854083,0.021164021164021163,0.4749639897887876,0.4808092817137454,0.8064767532999008
Enron_50000,TFIDF_LR,balanced,0.7354361156873512,0.9333333333333333,0.4861111111111111,0.5407622967183008,0.9832582064297799,Enron_val_only,0.7707979035672778,0.8888888888888888,0.0107095046854083,0.021164021164021163,0.4749639897887876,0.4331591972079045,0.818945280257472
Enron_100000,TFIDF_LR,balanced,0.7607165392400292,0.8848167539267016,0.5365079365079365,0.6602421383771414,0.9843396303960621,Enron_val_only,0.7732375195698858,0.7142857142857143,0.013386880856760375,0.026281208935611037,0.47745727595003606,0.3823968717408445,0.7928762372460482
